datum,naslov,dnevni zaslužek
Aug 23,Spider-Man: Brand New Day,12203313
Aug 22,Spider-Man: Brand New Day,16916335
Aug 21,Insidious: Out of the Further,10675888
Aug 20,Spider-Man: Brand New Day,5468937
Aug 19,Spider-Man: Brand New Day,6502864
Aug 18,Spider-Man: Brand New Day,9877359
Aug 17,Spider-Man: Brand New Day,7508206
Aug 16,Spider-Man: Brand New Day,22603850
Aug 15,Spider-Man: Brand New Day,29135374
Aug 14,Spider-Man: Brand New Day,18972766
Aug 13,Spider-Man: Brand New Day,11251891
Aug 12,Spider-Man: Brand New Day,13513702
Aug 11,Spider-Man: Brand New Day,20037431
Aug 10,Spider-Man: Brand New Day,16685732
Aug 9,Spider-Man: Brand New Day,44768553
Aug 8,Spider-Man: Brand New Day,56706158
Aug 7,Spider-Man: Brand New Day,42779675
Aug 6,Spider-Man: Brand New Day,28212094
Aug 5,Spider-Man: Brand New Day,32706817
Aug 4,Spider-Man: Brand New Day,42013437
Aug 3,Spider-Man: Brand New Day,47064608
Aug 2,Spider-Man: Brand New Day,88722893
Aug 1,Spider-Man: Brand New Day,101525640
Jul 31,Spider-Man: Brand New Day,169843039
Jul 30,The Odyssey,10347260
Jul 29,The Odyssey,13624580
Jul 28,The Odyssey,16441360
Jul 27,The Odyssey,14717905
Jul 26,The Odyssey,29778295
Jul 25,The Odyssey,34567335
Jul 24,The Odyssey,25676880
Jul 23,The Odyssey,17625485
Jul 22,The Odyssey,18067805
Jul 21,The Odyssey,21498195
Jul 20,The Odyssey,18677415
Jul 19,The Odyssey,30789980
Jul 18,The Odyssey,41735485
Jul 17,The Odyssey,50977435
Jul 16,Moana,3840947
Jul 15,Moana,4342380
Jul 14,Moana,7306997
Jul 13,Moana,4448262
Jul 12,Moana,11192694
Jul 11,Moana,13440087
Jul 10,Moana,18510043
Jul 9,Minions & Monsters,4742065
Jul 8,Minions & Monsters,5859455
Jul 7,Minions & Monsters,9414685
Jul 6,Minions & Monsters,5712230
Jul 5,Minions & Monsters,11005570
Jul 4Independence Day,Minions & Monsters,9491820
Jul 3,Minions & Monsters,16506115
Jul 2,Minions & Monsters,10810285
Jul 1,Minions & Monsters,14231110
Jun 30,Toy Story 5,12607602
Jun 29,Toy Story 5,8187838
Jun 28,Toy Story 5,21890869
Jun 27,Toy Story 5,27494092
Jun 26,Toy Story 5,21444067
Jun 25,Toy Story 5,12585438
Jun 24,Toy Story 5,13984310
Jun 23,Toy Story 5,23692621
Jun 22,Toy Story 5,17301436
Jun 21,Toy Story 5,40812703
Jun 20,Toy Story 5,47755375
Jun 19,Toy Story 5,71109759
Jun 18,Obsession,2979805
Jun 17,Disclosure Day,3811175
Jun 16,Disclosure Day,5810960
Jun 15,Disclosure Day,4198460
Jun 14,Disclosure Day,11485625
Jun 13,Disclosure Day,13886160
Jun 12,Disclosure Day,19159140
Jun 11,Obsession,3943870
Jun 10,Obsession,4218455
Jun 9,Scary Movie,5552634
Jun 8,Obsession,4211865
Jun 7,Scary Movie,11909685
Jun 6,Scary Movie,17611398
Jun 5,Scary Movie,24815543
Jun 4,The Amazing Digital Circus: The Last Act,7880784
Jun 3,Backrooms,6011931
Jun 2,Backrooms,8776542
Jun 1,Backrooms,7669600
May 31,Backrooms,18252054
May 30,Backrooms,24737736
May 29,Backrooms,38412634
May 28,Obsession,4833565
May 27,Obsession,5634105
May 26,Star Wars: The Mandalorian and Grogu,6537470
May 25Memorial Day,Star Wars: The Mandalorian and Grogu,16421208
May 24,Star Wars: The Mandalorian and Grogu,22026110
May 23,Star Wars: The Mandalorian and Grogu,25853998
May 22,Star Wars: The Mandalorian and Grogu,33790325
May 21,Obsession,3397055
May 20,Obsession,3235975
May 19,Obsession,3644260
May 18,Obsession,2909865
May 17,Michael,8267672
May 16,Michael,10869262
May 15,Michael,7004003
May 14,Michael,3151213
May 13,Michael,3325674
May 12,The Devil Wears Prada 2,4767153
May 11,Michael,3577412
May 10,The Devil Wears Prada 2,16287351
May 9,The Devil Wears Prada 2,15427144
May 8,Mortal Kombat II,16801022
May 7,The Devil Wears Prada 2,5198974
May 6,The Devil Wears Prada 2,5936661
May 5,The Devil Wears Prada 2,8264406
May 4,The Devil Wears Prada 2,5697142
May 3,The Devil Wears Prada 2,18741451
May 2,The Devil Wears Prada 2,25105540
May 1,The Devil Wears Prada 2,32900084
Apr 30,Michael,6577891
Apr 29,Michael,7239644
Apr 28,Michael,11108967
Apr 27,Michael,7670456
Apr 26,Michael,25453117
Apr 25,Michael,32463413
Apr 24,Michael,39290344
Apr 23,The Super Mario Galaxy Movie,1592635
Apr 22,The Super Mario Galaxy Movie,1875160
Apr 21,The Super Mario Galaxy Movie,3064140
Apr 20,The Super Mario Galaxy Movie,2016905
Apr 19,The Super Mario Galaxy Movie,12323480
Apr 18,The Super Mario Galaxy Movie,16593480
Apr 17,The Super Mario Galaxy Movie,7580290
Apr 16,The Super Mario Galaxy Movie,2602055
Apr 15,The Super Mario Galaxy Movie,2739590
Apr 14,The Super Mario Galaxy Movie,4792830
Apr 13,The Super Mario Galaxy Movie,2911805
Apr 12,The Super Mario Galaxy Movie,20634405
Apr 11,The Super Mario Galaxy Movie,30211725
Apr 10,The Super Mario Galaxy Movie,17237515
Apr 9,The Super Mario Galaxy Movie,7935870
Apr 8,The Super Mario Galaxy Movie,8740795
Apr 7,The Super Mario Galaxy Movie,14791095
Apr 6,The Super Mario Galaxy Movie,16832580
Apr 5Easter Sunday,The Super Mario Galaxy Movie,32298960
Apr 4,The Super Mario Galaxy Movie,51002875
Apr 3,The Super Mario Galaxy Movie,48401505
Apr 2,The Super Mario Galaxy Movie,24611190
Apr 1,The Super Mario Galaxy Movie,34502265
Mar 31,Project Hail Mary,7975692
Mar 30,Project Hail Mary,5410725
Mar 29,Project Hail Mary,16561782
Mar 28,Project Hail Mary,22826584
Mar 27,Project Hail Mary,14673486
Mar 26,Project Hail Mary,6136592
Mar 25,Project Hail Mary,6748726
Mar 24,Project Hail Mary,9412618
Mar 23,Project Hail Mary,6960701
Mar 22,Project Hail Mary,20417159
Mar 21,Project Hail Mary,26970821
Mar 20,Project Hail Mary,33118027
Mar 19,Dhurandhar: The Revenge,3978280
Mar 18,Hoppers,3583296
Mar 17,Hoppers,5190508
Mar 16,Hoppers,3656348
Mar 15,Hoppers,8922264
Mar 14,Hoppers,12513955
Mar 13,Reminders of Him,8108715
Mar 12,Hoppers,2890921
Mar 11,Hoppers,2880182
Mar 10,Hoppers,4469034
Mar 9,Hoppers,2710962
Mar 8,Hoppers,12945148
Mar 7,Hoppers,18864597
Mar 6,Hoppers,13540056
Mar 5,Scream 7,2122171
Mar 4,Scream 7,2572746
Mar 3,Scream 7,4395844
Mar 2,Scream 7,3368227
Mar 1,Scream 7,12607979
Feb 28,Scream 7,21655431
Feb 27,Scream 7,29351762
Feb 26,Wuthering Heights,1118547
Feb 25,Wuthering Heights,1304543
Feb 24,Wuthering Heights,1980061
Feb 23,Wuthering Heights,1177554
Feb 22,GOAT,4961563
Feb 21,GOAT,8031150
Feb 20,Wuthering Heights,4680012
Feb 19,Wuthering Heights,2410187
Feb 18,Wuthering Heights,2398743
Feb 17,Wuthering Heights,3501448
Feb 16Presidents' Day,GOAT,7915756
Feb 15,GOAT,8303784
Feb 14,Wuthering Heights,14000897
Feb 13,Wuthering Heights,10800619
Feb 12,Send Help,748328
Feb 11,Send Help,928525
Feb 10,Send Help,1453400
Feb 9,Send Help,914465
Feb 8,Send Help,1426305
Feb 7,Send Help,4714821
Feb 6,Solo Mio,3229877
Feb 5,Send Help,1332460
Feb 4,Send Help,1464197
Feb 3,Send Help,2499011
Feb 2,Send Help,1441781
Feb 1,Send Help,4717932
Jan 31,Send Help,7111352
Jan 30,Iron Lung,9000000
Jan 29,Mercy,614173
Jan 28,Mercy,877641
Jan 27,Mercy,1515783
Jan 26,Mercy,861044
Jan 25,Mercy,1816034
Jan 24,Mercy,3987768
Jan 23,Mercy,5005376
Jan 22,Avatar: Fire and Ash,802830
Jan 21,Avatar: Fire and Ash,1012647
Jan 20,Avatar: Fire and Ash,1536220
Jan 19MLK Day,Zootopia 2,3664528
Jan 18,Avatar: Fire and Ash,5310230
Jan 17,Avatar: Fire and Ash,5988962
Jan 16,28 Years Later: The Bone Temple,5596864
Jan 15,Avatar: Fire and Ash,1481101
Jan 14,Avatar: Fire and Ash,1728662
Jan 13,Avatar: Fire and Ash,2567765
Jan 12,Avatar: Fire and Ash,1640012
Jan 11,Avatar: Fire and Ash,6497780
Jan 10,Avatar: Fire and Ash,9923065
Jan 9,Avatar: Fire and Ash,5081427
Jan 8,Avatar: Fire and Ash,2541443
Jan 7,Avatar: Fire and Ash,2887228
Jan 6,Avatar: Fire and Ash,4529556
Jan 5,Avatar: Fire and Ash,3655199
Jan 4,Avatar: Fire and Ash,11048150
Jan 3,Avatar: Fire and Ash,16336950
Jan 2,Avatar: Fire and Ash,14034307
Jan 1New Year's Day,Avatar: Fire and Ash,15903826
