naslov,povezava
Spider-Man: Brand New Day,/release/rl2299756545/?ref_=bo_di_table_1
Insidious: Out of the Further,/release/rl141197313/?ref_=bo_di_table_3
The Odyssey,/release/rl170295297/?ref_=bo_di_table_25
Moana,/release/rl486245121/?ref_=bo_di_table_39
Minions & Monsters,/release/rl779714561/?ref_=bo_di_table_46
Toy Story 5,/release/rl3344859137/?ref_=bo_di_table_55
Obsession,/release/rl1660846081/?ref_=bo_di_table_67
Disclosure Day,/release/rl376274945/?ref_=bo_di_table_68
Scary Movie,/release/rl4163403777/?ref_=bo_di_table_76
The Amazing Digital Circus: The Last Act,/release/rl3903881217/?ref_=bo_di_table_81
Backrooms,/release/rl747929601/?ref_=bo_di_table_82
Star Wars: The Mandalorian and Grogu,/release/rl3294527489/?ref_=bo_di_table_90
Michael,/release/rl1246593025/?ref_=bo_di_table_99
The Devil Wears Prada 2,/release/rl365461505/?ref_=bo_di_table_104
Mortal Kombat II,/release/rl3832053761/?ref_=bo_di_table_108
The Super Mario Galaxy Movie,/release/rl3344662529/?ref_=bo_di_table_123
Project Hail Mary,/release/rl1993768961/?ref_=bo_di_table_146
Dhurandhar: The Revenge,/release/rl3281551361/?ref_=bo_di_table_158
Hoppers,/release/rl284918529/?ref_=bo_di_table_159
Reminders of Him,/release/rl2970583041/?ref_=bo_di_table_164
Scream 7,/release/rl1359839233/?ref_=bo_di_table_172
Wuthering Heights,/release/rl723550209/?ref_=bo_di_table_179
GOAT,/release/rl2725019649/?ref_=bo_di_table_183
Send Help,/release/rl4147019777/?ref_=bo_di_table_193
Solo Mio,/release/rl2967437313/?ref_=bo_di_table_199
Iron Lung,/release/rl3918299137/?ref_=bo_di_table_206
Mercy,/release/rl1781235713/?ref_=bo_di_table_207
Avatar: Fire and Ash,/release/rl3389031937/?ref_=bo_di_table_214
Zootopia 2,/release/rl2303754241/?ref_=bo_di_table_217
28 Years Later: The Bone Temple,/release/rl1562607617/?ref_=bo_di_table_220
